,ask,bid,description,enabled,expired,expiry,expiryDescription,group,imfFactor,index,last,lowerBound,marginPrice,mark,moveStart,name,perpetual,positionLimitWeight,postOnly,priceIncrement,sizeIncrement,type,underlying,underlyingDescription,upperBound
0,,,Bitcoin MOVE 2019-09-25 Contracts,False,True,2019-09-26T00:00:00+00:00,2019-09-25,daily,0.002,8432.5079418,,-206.0,8432.5079418,235.36350101,2019-09-25T00:00:00+00:00,BTC-MOVE-20190925,False,1.0,False,0.25,0.0001,move,BTC,Bitcoin,1058.25
1,,,Bitcoin MOVE 2019-09-26 Contracts,False,True,2019-09-27T00:00:00+00:00,2019-09-26,daily,0.002,8062.77088054,,-91.5,8062.77088054,313.29493693,2019-09-26T00:00:00+00:00,BTC-MOVE-20190926,False,1.0,False,0.25,0.0001,move,BTC,Bitcoin,1118.0
2,,,Bitcoin MOVE 2019-09-27 Contracts,False,True,2019-09-28T00:00:00+00:00,2019-09-27,daily,0.002,8193.96720629,,-290.25,8193.96720629,119.44596713,2019-09-27T00:00:00+00:00,BTC-MOVE-20190927,False,1.0,False,0.25,0.0001,move,BTC,Bitcoin,938.25
3,,,Bitcoin MOVE 2019-09-28 Contracts,False,True,2019-09-29T00:00:00+00:00,2019-09-28,daily,0.002,8216.68358424,,-400.25,8216.68358424,17.63021239,2019-09-28T00:00:00+00:00,BTC-MOVE-20190928,False,1.0,False,0.25,0.0001,move,BTC,Bitcoin,841.0
4,,,Bitcoin MOVE 2019-09-29 Contracts,False,True,2019-09-30T00:00:00+00:00,2019-09-29,daily,0.002,8063.79636304,,-277.75,8063.79636304,128.39143275,2019-09-29T00:00:00+00:00,BTC-MOVE-20190929,False,1.0,False,0.25,0.0001,move,BTC,Bitcoin,935.5
5,,,Bitcoin MOVE 2019-09-30 Contracts,False,True,2019-10-01T00:00:00+00:00,2019-09-30,daily,0.002,8306.03171072,,-178.0,8306.03171072,222.96753597,2019-09-30T00:00:00+00:00,BTC-MOVE-20190930,False,1.0,False,0.25,0.0001,move,BTC,Bitcoin,1053.0
6,,,Bitcoin MOVE 2019-10-01 Contracts,False,True,2019-10-02T00:00:00+00:00,2019-10-01,daily,0.002,8324.99740674,,-329.25,8324.99740674,83.60923821,2019-10-01T00:00:00+00:00,BTC-MOVE-20191001,False,1.0,False,0.25,0.0001,move,BTC,Bitcoin,916.0
7,,,Bitcoin MOVE 2019-10-02 Contracts,False,True,2019-10-03T00:00:00+00:00,2019-10-02,daily,0.002,8378.37867434,,-393.25,8378.37867434,27.09297475,2019-10-02T00:00:00+00:00,BTC-MOVE-20191002,False,1.0,False,0.25,0.0001,move,BTC,Bitcoin,864.5
8,,,Bitcoin MOVE 2019-10-03 Contracts,False,True,2019-10-04T00:00:00+00:00,2019-10-03,daily,0.002,8242.05669764,,-311.75,8242.05669764,100.25168049,2019-10-03T00:00:00+00:00,BTC-MOVE-20191003,False,1.0,False,0.25,0.0001,move,BTC,Bitcoin,924.0
9,,,Bitcoin MOVE 2019-10-04 Contracts,False,True,2019-10-05T00:00:00+00:00,2019-10-04,daily,0.002,8156.57174568,,-399.75,8156.57174568,12.76569594,2019-10-04T00:00:00+00:00,BTC-MOVE-20191004,False,1.0,False,0.25,0.0001,move,BTC,Bitcoin,828.25
10,,,Bitcoin MOVE 2019-10-05 Contracts,False,True,2019-10-06T00:00:00+00:00,2019-10-05,daily,0.002,8144.20716799,,-403.0,8144.20716799,1.68531084,2019-10-05T00:00:00+00:00,BTC-MOVE-20191005,False,1.0,False,0.25,0.0001,move,BTC,Bitcoin,816.75
11,,,Bitcoin MOVE 2019-10-06 Contracts,False,True,2019-10-07T00:00:00+00:00,2019-10-06,daily,0.002,7865.12927737,,-102.25,7865.12927737,292.70447867,2019-10-06T00:00:00+00:00,BTC-MOVE-20191006,False,1.0,False,0.25,0.0001,move,BTC,Bitcoin,1080.75
12,,,Bitcoin MOVE 2019-10-07 Contracts,False,True,2019-10-08T00:00:00+00:00,2019-10-07,daily,0.002,8211.91461308,,-0.25,8211.91461308,413.2730124,2019-10-07T00:00:00+00:00,BTC-MOVE-20191007,False,1.0,False,0.25,0.0001,move,BTC,Bitcoin,1232.75
13,,,Bitcoin MOVE 2019-10-08 Contracts,False,True,2019-10-09T00:00:00+00:00,2019-10-08,daily,0.002,8183.20606079,,-375.0,8183.20606079,42.06191743,2019-10-08T00:00:00+00:00,BTC-MOVE-20191008,False,1.0,False,0.25,0.0001,move,BTC,Bitcoin,860.25
14,,,Bitcoin MOVE 2019-10-09 Contracts,False,True,2019-10-10T00:00:00+00:00,2019-10-09,daily,0.002,8586.0729571,,-25.0,8586.0729571,408.95475976,2019-10-09T00:00:00+00:00,BTC-MOVE-20191009,False,1.0,False,0.25,0.0001,move,BTC,Bitcoin,1268.0
15,,,Bitcoin MOVE 2019-10-10 Contracts,False,True,2019-10-11T00:00:00+00:00,2019-10-10,daily,0.002,8585.85312578,,-415.0,8585.85312578,11.47658357,2019-10-10T00:00:00+00:00,BTC-MOVE-20191010,False,1.0,False,0.25,0.0001,move,BTC,Bitcoin,870.25
16,,,Bitcoin MOVE 2019-10-11 Contracts,False,True,2019-10-12T00:00:00+00:00,2019-10-11,daily,0.002,8269.60160253,,-165.25,8269.60160253,247.37784412,2019-10-11T00:00:00+00:00,BTC-MOVE-20191011,False,1.0,False,0.25,0.0001,move,BTC,Bitcoin,1074.25
17,,,Bitcoin MOVE 2019-10-12 Contracts,False,True,2019-10-13T00:00:00+00:00,2019-10-12,daily,0.002,8309.81909378,,-376.75,8309.81909378,40.26163893,2019-10-12T00:00:00+00:00,BTC-MOVE-20191012,False,1.0,False,0.25,0.0001,move,BTC,Bitcoin,871.25
18,,,Bitcoin MOVE 2019-10-13 Contracts,False,True,2019-10-14T00:00:00+00:00,2019-10-13,daily,0.002,8286.27311698,,-389.0,8286.27311698,29.16009197,2019-10-13T00:00:00+00:00,BTC-MOVE-20191013,False,1.0,False,0.25,0.0001,move,BTC,Bitcoin,857.5
19,,,Bitcoin MOVE 2019-10-14 Contracts,False,True,2019-10-15T00:00:00+00:00,2019-10-14,daily,0.002,8347.98111409,,-347.25,8347.98111409,65.45868224,2019-10-14T00:00:00+00:00,BTC-MOVE-20191014,False,1.0,False,0.25,0.0001,move,BTC,Bitcoin,901.75
20,,,Bitcoin MOVE 2019-10-15 Contracts,False,True,2019-10-16T00:00:00+00:00,2019-10-15,daily,0.002,8162.77945583,,-197.75,8162.77945583,212.17002369,2019-10-15T00:00:00+00:00,BTC-MOVE-20191015,False,1.0,False,0.25,0.0001,move,BTC,Bitcoin,1028.0
21,,,Bitcoin MOVE 2019-10-16 Contracts,False,True,2019-10-17T00:00:00+00:00,2019-10-16,daily,0.002,7998.83930641,,-250.25,7998.83930641,155.01651319,2019-10-16T00:00:00+00:00,BTC-MOVE-20191016,False,1.0,False,0.25,0.0001,move,BTC,Bitcoin,955.0
22,,,Bitcoin MOVE 2019-10-17 Contracts,False,True,2019-10-18T00:00:00+00:00,2019-10-17,daily,0.002,8074.02815497,,-317.25,8074.02815497,86.85333645,2019-10-17T00:00:00+00:00,BTC-MOVE-20191017,False,1.0,False,0.25,0.0001,move,BTC,Bitcoin,895.5
23,,,Bitcoin MOVE 2019-10-18 Contracts,False,True,2019-10-19T00:00:00+00:00,2019-10-18,daily,0.002,7957.5184603,,-287.25,7957.5184603,112.09844099,2019-10-18T00:00:00+00:00,BTC-MOVE-20191018,False,1.0,False,0.25,0.0001,move,BTC,Bitcoin,907.25
24,,,Bitcoin MOVE 2019-10-19 Contracts,False,True,2019-10-20T00:00:00+00:00,2019-10-19,daily,0.002,7959.29061886,,-382.5,7959.29061886,8.24368333,2019-10-19T00:00:00+00:00,BTC-MOVE-20191019,False,1.0,False,0.25,0.0001,move,BTC,Bitcoin,804.5
25,,,Bitcoin MOVE 2019-10-20 Contracts,False,True,2019-10-21T00:00:00+00:00,2019-10-20,daily,0.002,8231.21830284,,-135.5,8231.21830284,267.28097342,2019-10-20T00:00:00+00:00,BTC-MOVE-20191020,False,1.0,False,0.25,0.0001,move,BTC,Bitcoin,1091.5
26,,,Bitcoin MOVE 2019-10-21 Contracts,False,True,2019-10-22T00:00:00+00:00,2019-10-21,daily,0.002,8210.76385965,,-394.25,8210.76385965,21.84106164,2019-10-21T00:00:00+00:00,BTC-MOVE-20191021,False,1.0,False,0.25,0.0001,move,BTC,Bitcoin,843.5
27,,,Bitcoin MOVE 2019-10-22 Contracts,False,True,2019-10-23T00:00:00+00:00,2019-10-22,daily,0.002,8028.26230294,,-244.5,8028.26230294,158.14838682,2019-10-22T00:00:00+00:00,BTC-MOVE-20191022,False,1.0,False,0.25,0.0001,move,BTC,Bitcoin,962.5
28,,,Bitcoin MOVE 2019-10-23 Contracts,False,True,2019-10-24T00:00:00+00:00,2019-10-23,daily,0.002,7474.31490091,,228.0,7474.31490091,584.12189137,2019-10-23T00:00:00+00:00,BTC-MOVE-20191023,False,1.0,False,0.25,0.0001,move,BTC,Bitcoin,1337.25
29,,,Bitcoin MOVE 2019-10-24 Contracts,False,True,2019-10-25T00:00:00+00:00,2019-10-24,daily,0.002,7433.63484988,,-368.25,7433.63484988,7.70681653,2019-10-24T00:00:00+00:00,BTC-MOVE-20191024,False,1.0,False,0.25,0.0001,move,BTC,Bitcoin,751.75
30,,,Bitcoin MOVE 2019-10-25 Contracts,False,True,2019-10-26T00:00:00+00:00,2019-10-25,daily,0.002,8668.29878828,,776.0,8668.29878828,1211.93189328,2019-10-25T00:00:00+00:00,BTC-MOVE-20191025,False,1.0,False,0.25,0.0001,move,BTC,Bitcoin,2077.5
31,,,Bitcoin MOVE 2019-10-26 Contracts,False,True,2019-10-27T00:00:00+00:00,2019-10-26,daily,0.002,9254.29009155,,-17.5,9254.29009155,452.2079157,2019-10-26T00:00:00+00:00,BTC-MOVE-20191026,False,1.0,False,0.25,0.0001,move,BTC,Bitcoin,1379.0
32,,,Bitcoin MOVE 2019-10-27 Contracts,False,True,2019-10-28T00:00:00+00:00,2019-10-27,daily,0.002,9555.34732679,,-207.75,9555.34732679,268.12716963,2019-10-27T00:00:00+00:00,BTC-MOVE-20191027,False,1.0,False,0.25,0.0001,move,BTC,Bitcoin,1225.75
33,,,Bitcoin MOVE 2019-10-28 Contracts,False,True,2019-10-29T00:00:00+00:00,2019-10-28,daily,0.002,9219.78676121,,-267.75,9219.78676121,206.60962268,2019-10-28T00:00:00+00:00,BTC-MOVE-20191028,False,1.0,False,0.25,0.0001,move,BTC,Bitcoin,1128.5
34,,,Bitcoin MOVE 2019-10-29 Contracts,False,True,2019-10-30T00:00:00+00:00,2019-10-29,daily,0.002,9422.83365744,,-318.0,9422.83365744,159.94533796,2019-10-29T00:00:00+00:00,BTC-MOVE-20191029,False,1.0,False,0.25,0.0001,move,BTC,Bitcoin,1103.75
35,,,Bitcoin MOVE 2019-10-30 Contracts,False,True,2019-10-31T00:00:00+00:00,2019-10-30,daily,0.002,9162.11654463,,-239.25,9162.11654463,225.19351662,2019-10-30T00:00:00+00:00,BTC-MOVE-20191030,False,1.0,False,0.25,0.0001,move,BTC,Bitcoin,1140.0
36,,,Bitcoin MOVE 2019-10-31 Contracts,False,True,2019-11-01T00:00:00+00:00,2019-10-31,daily,0.002,9155.90443139,,-431.75,9155.90443139,29.83569609,2019-10-31T00:00:00+00:00,BTC-MOVE-20191031,False,1.0,False,0.25,0.0001,move,BTC,Bitcoin,945.5
37,,,Bitcoin MOVE 2019-11-01 Contracts,False,True,2019-11-02T00:00:00+00:00,2019-11-01,daily,0.002,9249.53992566,,-348.25,9249.53992566,110.41799596,2019-11-01T00:00:00+00:00,BTC-MOVE-20191101,False,1.0,False,0.25,0.0001,move,BTC,Bitcoin,1037.5
38,,,Bitcoin MOVE 2019-11-02 Contracts,False,True,2019-11-03T00:00:00+00:00,2019-11-02,daily,0.002,9307.32978909,,-414.75,9307.32978909,48.71824662,2019-11-02T00:00:00+00:00,BTC-MOVE-20191102,False,1.0,False,0.25,0.0001,move,BTC,Bitcoin,981.5
39,,,Bitcoin MOVE 2019-11-03 Contracts,False,True,2019-11-04T00:00:00+00:00,2019-11-03,daily,0.002,9207.3335705,,-345.25,9207.3335705,115.15586514,2019-11-03T00:00:00+00:00,BTC-MOVE-20191103,False,1.0,False,0.25,0.0001,move,BTC,Bitcoin,1036.25
40,,,Bitcoin MOVE 2019-11-04 Contracts,False,True,2019-11-05T00:00:00+00:00,2019-11-04,daily,0.002,9414.29311473,,-242.25,9414.29311473,232.05507867,2019-11-04T00:00:00+00:00,BTC-MOVE-20191104,False,1.0,False,0.25,0.0001,move,BTC,Bitcoin,1176.25
41,,,Bitcoin MOVE 2019-11-05 Contracts,False,True,2019-11-06T00:00:00+00:00,2019-11-05,daily,0.002,9320.32895374,,-408.0,9320.32895374,53.84276659,2019-11-05T00:00:00+00:00,BTC-MOVE-20191105,False,1.0,False,0.25,0.0001,move,BTC,Bitcoin,986.25
42,,,Bitcoin MOVE 2019-11-06 Contracts,False,True,2019-11-07T00:00:00+00:00,2019-11-06,daily,0.002,9340.02299554,,-433.25,9340.02299554,41.51197393,2019-11-06T00:00:00+00:00,BTC-MOVE-20191106,False,1.0,False,0.25,0.0001,move,BTC,Bitcoin,976.25
43,,,Bitcoin MOVE 2019-11-07 Contracts,False,True,2019-11-08T00:00:00+00:00,2019-11-07,daily,0.002,9204.89388023,,-341.5,9204.89388023,124.62094209,2019-11-07T00:00:00+00:00,BTC-MOVE-20191107,False,1.0,False,0.25,0.0001,move,BTC,Bitcoin,1045.25
44,,,Bitcoin MOVE 2019-11-08 Contracts,False,True,2019-11-09T00:00:00+00:00,2019-11-08,daily,0.002,8768.25122101,,-57.75,8768.25122101,377.26741863,2019-11-08T00:00:00+00:00,BTC-MOVE-20191108,False,1.0,False,0.25,0.0001,move,BTC,Bitcoin,1259.0
45,,,Bitcoin MOVE 2019-11-09 Contracts,False,True,2019-11-10T00:00:00+00:00,2019-11-09,daily,0.002,8805.424782,,-417.5,8805.424782,23.6774778,2019-11-09T00:00:00+00:00,BTC-MOVE-20191109,False,1.0,False,0.25,0.0001,move,BTC,Bitcoin,905.25
46,,,Bitcoin MOVE 2019-11-10 Contracts,False,True,2019-11-11T00:00:00+00:00,2019-11-10,daily,0.002,9034.10556797,,-190.0,9034.10556797,263.49112568,2019-11-10T00:00:00+00:00,BTC-MOVE-20191110,False,1.0,False,0.25,0.0001,move,BTC,Bitcoin,1170.0
47,,,Bitcoin MOVE 2019-11-11 Contracts,False,True,2019-11-12T00:00:00+00:00,2019-11-11,daily,0.002,8719.89367024,,-98.5,8719.89367024,333.86710306,2019-11-11T00:00:00+00:00,BTC-MOVE-20191111,False,1.0,False,0.25,0.0001,move,BTC,Bitcoin,1207.5
48,,,Bitcoin MOVE 2019-11-12 Contracts,False,True,2019-11-13T00:00:00+00:00,2019-11-12,daily,0.002,8803.76627892,,-377.5,8803.76627892,55.64386656,2019-11-12T00:00:00+00:00,BTC-MOVE-20191112,False,1.0,False,0.25,0.0001,move,BTC,Bitcoin,936.75
49,,,Bitcoin MOVE 2019-11-13 Contracts,False,True,2019-11-14T00:00:00+00:00,2019-11-13,daily,0.002,8762.92273721,,-420.5,8762.92273721,19.36876017,2019-11-13T00:00:00+00:00,BTC-MOVE-20191113,False,1.0,False,0.25,0.0001,move,BTC,Bitcoin,896.25
50,,,Bitcoin MOVE 2019-11-14 Contracts,False,True,2019-11-15T00:00:00+00:00,2019-11-14,daily,0.002,8632.41345203,,-312.25,8632.41345203,120.45807141,2019-11-14T00:00:00+00:00,BTC-MOVE-20191114,False,1.0,False,0.25,0.0001,move,BTC,Bitcoin,985.0
51,,,Bitcoin MOVE 2019-11-15 Contracts,False,True,2019-11-16T00:00:00+00:00,2019-11-15,daily,0.002,8456.23595952,,-271.75,8456.23595952,148.12862764,2019-11-15T00:00:00+00:00,BTC-MOVE-20191115,False,1.0,False,0.25,0.0001,move,BTC,Bitcoin,995.5
52,,,Bitcoin MOVE 2019-11-16 Contracts,False,True,2019-11-17T00:00:00+00:00,2019-11-16,daily,0.002,8481.43758366,,-399.75,8481.43758366,21.42974456,2019-11-16T00:00:00+00:00,BTC-MOVE-20191116,False,1.0,False,0.25,0.0001,move,BTC,Bitcoin,871.75
53,,,Bitcoin MOVE 2019-11-17 Contracts,False,True,2019-11-18T00:00:00+00:00,2019-11-17,daily,0.002,8505.46682866,,-396.25,8505.46682866,27.81609826,2019-11-17T00:00:00+00:00,BTC-MOVE-20191117,False,1.0,False,0.25,0.0001,move,BTC,Bitcoin,879.5
54,,,Bitcoin MOVE 2019-11-18 Contracts,False,True,2019-11-19T00:00:00+00:00,2019-11-18,daily,0.002,8174.69335379,,-117.75,8174.69335379,292.60995018,2019-11-18T00:00:00+00:00,BTC-MOVE-20191118,False,1.0,False,0.25,0.0001,move,BTC,Bitcoin,1114.25
55,,,Bitcoin MOVE 2019-11-19 Contracts,False,True,2019-11-20T00:00:00+00:00,2019-11-19,daily,0.002,8119.80008827,61.25,-342.75,8119.80008827,60.13048249,2019-11-19T00:00:00+00:00,BTC-MOVE-20191119,False,1.0,False,0.25,0.0001,move,BTC,Bitcoin,873.0
56,,,Bitcoin MOVE 2019-11-20 Contracts,False,True,2019-11-21T00:00:00+00:00,2019-11-20,daily,0.002,8077.04195264,37.75,-365.25,8077.04195264,34.73859392,2019-11-20T00:00:00+00:00,BTC-MOVE-20191120,False,1.0,False,0.25,0.0001,move,BTC,Bitcoin,846.0
57,,,Bitcoin MOVE 2019-11-21 Contracts,False,True,2019-11-22T00:00:00+00:00,2019-11-21,daily,0.002,7619.94839969,457.5,78.75,7619.94839969,454.46109378,2019-11-21T00:00:00+00:00,BTC-MOVE-20191121,False,1.0,False,0.25,0.0001,move,BTC,Bitcoin,1220.5
58,,,Bitcoin MOVE 2019-11-22 Contracts,False,True,2019-11-23T00:00:00+00:00,2019-11-22,daily,0.002,7280.91357007,388.25,11.0,7280.91357007,372.35329263,2019-11-22T00:00:00+00:00,BTC-MOVE-20191122,False,1.0,False,0.25,0.0001,move,BTC,Bitcoin,1109.75
59,,,Bitcoin MOVE 2019-11-23 Contracts,False,True,2019-11-24T00:00:00+00:00,2019-11-23,daily,0.002,7320.66843476,114.5,-251.75,7320.66843476,107.74464938,2019-11-23T00:00:00+00:00,BTC-MOVE-20191123,False,1.0,False,0.25,0.0001,move,BTC,Bitcoin,848.5
60,,,Bitcoin MOVE 2019-11-24 Contracts,False,True,2019-11-25T00:00:00+00:00,2019-11-24,daily,0.002,6905.41400773,305.0,-26.0,6905.41400773,313.64007596,2019-11-24T00:00:00+00:00,BTC-MOVE-20191124,False,1.0,False,0.25,0.0001,move,BTC,Bitcoin,1001.75
61,,,Bitcoin MOVE 2019-11-25 Contracts,False,True,2019-11-26T00:00:00+00:00,2019-11-25,daily,0.002,7123.46919576,287.0,-88.0,7123.46919576,277.36942531,2019-11-25T00:00:00+00:00,BTC-MOVE-20191125,False,1.0,False,0.25,0.0001,move,BTC,Bitcoin,988.75
62,,,Bitcoin MOVE 2019-11-26 Contracts,False,True,2019-11-27T00:00:00+00:00,2019-11-26,daily,0.002,7160.03137859,39.5,-322.75,7160.03137859,34.78991715,2019-11-26T00:00:00+00:00,BTC-MOVE-20191126,False,1.0,False,0.25,0.0001,move,BTC,Bitcoin,753.75
63,,,Bitcoin MOVE 2019-11-27 Contracts,False,True,2019-11-28T00:00:00+00:00,2019-11-27,daily,0.002,7523.07186385,376.5,3.5,7523.07186385,375.76753222,2019-11-27T00:00:00+00:00,BTC-MOVE-20191127,False,1.0,False,0.25,0.0001,move,BTC,Bitcoin,1128.75
64,,,Bitcoin MOVE 2019-11-28 Contracts,False,True,2019-11-29T00:00:00+00:00,2019-11-28,daily,0.002,7428.55919124,123.5,-247.5,7428.55919124,118.95840243,2019-11-28T00:00:00+00:00,BTC-MOVE-20191128,False,1.0,False,0.25,0.0001,move,BTC,Bitcoin,867.0
65,,,Bitcoin MOVE 2019-11-29 Contracts,False,True,2019-11-30T00:00:00+00:00,2019-11-29,daily,0.002,7753.30932407,272.0,-103.0,7753.30932407,282.68612264,2019-11-29T00:00:00+00:00,BTC-MOVE-20191129,False,1.0,False,0.25,0.0001,move,BTC,Bitcoin,1055.5
66,,,Bitcoin MOVE 2019-11-30 Contracts,False,True,2019-12-01T00:00:00+00:00,2019-11-30,daily,0.002,7555.89998913,214.75,-164.25,7555.89998913,202.24354074,2019-11-30T00:00:00+00:00,BTC-MOVE-20191130,False,1.0,False,0.25,0.0001,move,BTC,Bitcoin,970.25
67,,,Bitcoin MOVE 2019-12-01 Contracts,False,True,2019-12-02T00:00:00+00:00,2019-12-01,daily,0.002,7406.81224922,101.0,-273.25,7406.81224922,97.82293746,2019-12-01T00:00:00+00:00,BTC-MOVE-20191201,False,1.0,False,0.25,0.0001,move,BTC,Bitcoin,842.0
68,,,Bitcoin MOVE 2019-12-02 Contracts,False,True,2019-12-03T00:00:00+00:00,2019-12-02,daily,0.002,7306.26526729,70.75,-298.0,7306.26526729,67.83767634,2019-12-02T00:00:00+00:00,BTC-MOVE-20191202,False,1.0,False,0.25,0.0001,move,BTC,Bitcoin,801.25
69,,,Bitcoin MOVE 2019-12-03 Contracts,False,True,2019-12-04T00:00:00+00:00,2019-12-03,daily,0.002,7301.42064758,46.75,-315.25,7301.42064758,41.55940418,2019-12-03T00:00:00+00:00,BTC-MOVE-20191203,False,1.0,False,0.25,0.0001,move,BTC,Bitcoin,777.25
70,,,Bitcoin MOVE 2019-12-04 Contracts,False,True,2019-12-05T00:00:00+00:00,2019-12-04,daily,0.002,7195.5319912,0.5,-362.5,7195.5319912,1.09437479,2019-12-04T00:00:00+00:00,BTC-MOVE-20191204,False,1.0,False,0.25,0.0001,move,BTC,Bitcoin,722.75
71,,,Bitcoin MOVE 2019-12-05 Contracts,False,True,2019-12-06T00:00:00+00:00,2019-12-05,daily,0.002,7392.89449178,204.75,0.0,7392.89449178,203.45632329,2019-12-05T00:00:00+00:00,BTC-MOVE-20191205,False,1.0,False,0.25,0.0001,move,BTC,Bitcoin,944.0
72,,,Bitcoin MOVE 2019-12-06 Contracts,False,True,2019-12-07T00:00:00+00:00,2019-12-06,daily,0.002,7541.37154516,163.5,0.0,7541.37154516,160.10970248,2019-12-06T00:00:00+00:00,BTC-MOVE-20191206,False,1.0,False,0.25,0.0001,move,BTC,Bitcoin,917.5
73,,,Bitcoin MOVE 2019-12-07 Contracts,False,True,2019-12-08T00:00:00+00:00,2019-12-07,daily,0.002,7505.85869007,22.25,0.0,7505.85869007,19.40139232,2019-12-07T00:00:00+00:00,BTC-MOVE-20191207,False,1.0,False,0.25,0.0001,move,BTC,Bitcoin,772.5
74,,,Bitcoin MOVE 2019-12-08 Contracts,False,True,2019-12-09T00:00:00+00:00,2019-12-08,daily,0.002,7521.87174807,45.75,0.0,7521.87174807,40.37796357,2019-12-08T00:00:00+00:00,BTC-MOVE-20191208,False,1.0,False,0.25,0.0001,move,BTC,Bitcoin,798.25
75,,,Bitcoin MOVE 2019-12-09 Contracts,False,True,2019-12-10T00:00:00+00:00,2019-12-09,daily,0.002,7337.78032991,200.75,0.0,7337.78032991,194.9238737,2019-12-09T00:00:00+00:00,BTC-MOVE-20191209,False,1.0,False,0.25,0.0001,move,BTC,Bitcoin,934.25
76,,,Bitcoin MOVE 2019-12-10 Contracts,False,True,2019-12-11T00:00:00+00:00,2019-12-10,daily,0.002,7219.36256047,105.5,0.0,7219.36256047,94.50134874,2019-12-10T00:00:00+00:00,BTC-MOVE-20191210,False,1.0,False,0.25,0.0001,move,BTC,Bitcoin,826.5
77,,,Bitcoin MOVE 2019-12-11 Contracts,False,True,2019-12-12T00:00:00+00:00,2019-12-11,daily,0.002,7198.75593822,39.25,0.0,7198.75593822,35.57381448,2019-12-11T00:00:00+00:00,BTC-MOVE-20191211,False,1.0,False,0.25,0.0001,move,BTC,Bitcoin,759.25
78,,,Bitcoin MOVE 2019-12-12 Contracts,False,True,2019-12-13T00:00:00+00:00,2019-12-12,daily,0.002,7187.87867216,33.75,0.0,7187.87867216,30.0519855,2019-12-12T00:00:00+00:00,BTC-MOVE-20191212,False,1.0,False,0.25,0.0001,move,BTC,Bitcoin,752.75
79,,,Bitcoin MOVE 2019-12-13 Contracts,False,True,2019-12-14T00:00:00+00:00,2019-12-13,daily,0.002,7254.20412589,57.5,0.0,7254.20412589,50.99385062,2019-12-13T00:00:00+00:00,BTC-MOVE-20191213,False,1.0,False,0.25,0.0001,move,BTC,Bitcoin,783.0
80,,,Bitcoin MOVE 2019-12-14 Contracts,False,True,2019-12-15T00:00:00+00:00,2019-12-14,daily,0.002,7066.47303241,168.5,0.0,7066.47303241,169.90696759,2019-12-14T00:00:00+00:00,BTC-MOVE-20191214,False,1.0,False,0.25,0.0001,move,BTC,Bitcoin,875.0
81,,,Bitcoin MOVE 2019-12-15 Contracts,False,True,2019-12-16T00:00:00+00:00,2019-12-15,daily,0.002,7111.41411628,77.0,0.0,7111.41411628,71.32277285,2019-12-15T00:00:00+00:00,BTC-MOVE-20191215,False,1.0,False,0.25,0.0001,move,BTC,Bitcoin,788.5
82,,,Bitcoin MOVE 2019-12-16 Contracts,False,True,2019-12-17T00:00:00+00:00,2019-12-16,daily,0.002,6880.15364173,215.5,0.0,6880.15364173,204.35548215,2019-12-16T00:00:00+00:00,BTC-MOVE-20191216,False,1.0,False,0.25,0.0001,move,BTC,Bitcoin,903.75
83,,,Bitcoin MOVE 2019-12-17 Contracts,False,True,2019-12-18T00:00:00+00:00,2019-12-17,daily,0.002,6613.74454907,296.75,0.0,6613.74454907,286.61281886,2019-12-17T00:00:00+00:00,BTC-MOVE-20191217,False,1.0,False,0.25,0.0001,move,BTC,Bitcoin,959.0
84,,,Bitcoin MOVE 2019-12-18 Contracts,False,True,2019-12-19T00:00:00+00:00,2019-12-18,daily,0.002,7283.81248573,672.75,0.0,7283.81248573,670.57438362,2019-12-18T00:00:00+00:00,BTC-MOVE-20191218,False,1.0,False,0.25,0.0001,move,BTC,Bitcoin,1404.5
85,,,Bitcoin MOVE 2019-12-19 Contracts,False,True,2019-12-20T00:00:00+00:00,2019-12-19,daily,0.002,7149.56748546,126.5,0.0,7149.56748546,125.68552154,2019-12-19T00:00:00+00:00,BTC-MOVE-20191219,False,1.0,False,0.25,0.0001,move,BTC,Bitcoin,843.75
86,,,Bitcoin MOVE 2019-12-20 Contracts,False,True,2019-12-21T00:00:00+00:00,2019-12-20,daily,0.002,7189.66924748,52.75,0.0,7189.66924748,53.28678932,2019-12-20T00:00:00+00:00,BTC-MOVE-20191220,False,1.0,False,0.25,0.0001,move,BTC,Bitcoin,773.25
87,,,Bitcoin MOVE 2019-12-21 Contracts,False,True,2019-12-22T00:00:00+00:00,2019-12-21,daily,0.002,7141.37995665,42.75,0.0,7141.37995665,36.61441135,2019-12-21T00:00:00+00:00,BTC-MOVE-20191221,False,1.0,False,0.25,0.0001,move,BTC,Bitcoin,757.0
88,,,Bitcoin MOVE 2019-12-22 Contracts,False,True,2019-12-23T00:00:00+00:00,2019-12-22,daily,0.002,7508.46551418,298.5,0.0,7508.46551418,317.7648985,2019-12-22T00:00:00+00:00,BTC-MOVE-20191222,False,1.0,False,0.25,0.0001,move,BTC,Bitcoin,1049.25
89,,,Bitcoin MOVE 2019-12-23 Contracts,False,True,2019-12-24T00:00:00+00:00,2019-12-23,daily,0.002,7317.57312815,250.5,0.0,7317.57312815,246.44601,2019-12-23T00:00:00+00:00,BTC-MOVE-20191223,False,1.0,False,0.25,0.0001,move,BTC,Bitcoin,984.0
90,,,Bitcoin MOVE 2019-12-24 Contracts,False,True,2019-12-25T00:00:00+00:00,2019-12-24,daily,0.002,7254.58401945,78.75,0.0,7254.58401945,69.78790661,2019-12-24T00:00:00+00:00,BTC-MOVE-20191224,False,1.0,False,0.25,0.0001,move,BTC,Bitcoin,801.5
91,,,Bitcoin MOVE 2019-12-25 Contracts,False,True,2019-12-26T00:00:00+00:00,2019-12-25,daily,0.002,7196.57124191,53.5,0.0,7196.57124191,50.8325479,2019-12-25T00:00:00+00:00,BTC-MOVE-20191225,False,1.0,False,0.25,0.0001,move,BTC,Bitcoin,772.75
92,,,Bitcoin MOVE 2019-12-26 Contracts,False,True,2019-12-27T00:00:00+00:00,2019-12-26,daily,0.002,7190.2241919,10.5,0.0,7190.2241919,8.95500136,2019-12-26T00:00:00+00:00,BTC-MOVE-20191226,False,1.0,False,0.25,0.0001,move,BTC,Bitcoin,729.0
93,,,Bitcoin MOVE 2019-12-27 Contracts,False,True,2019-12-28T00:00:00+00:00,2019-12-27,daily,0.002,7244.23088751,43.5,0.0,7244.23088751,39.70427201,2019-12-27T00:00:00+00:00,BTC-MOVE-20191227,False,1.0,False,0.25,0.0001,move,BTC,Bitcoin,767.75
94,,,Bitcoin MOVE 2019-12-28 Contracts,False,True,2019-12-29T00:00:00+00:00,2019-12-28,daily,0.002,7301.8232079,46.5,0.0,7301.8232079,45.34696628,2019-12-28T00:00:00+00:00,BTC-MOVE-20191228,False,1.0,False,0.25,0.0001,move,BTC,Bitcoin,776.75
95,,,Bitcoin MOVE 2019-12-29 Contracts,False,True,2019-12-30T00:00:00+00:00,2019-12-29,daily,0.002,7386.94044005,104.75,0.0,7386.94044005,102.63242347,2019-12-29T00:00:00+00:00,BTC-MOVE-20191229,False,1.0,False,0.25,0.0001,move,BTC,Bitcoin,843.5
96,,,Bitcoin MOVE 2019-12-30 Contracts,False,True,2019-12-31T00:00:00+00:00,2019-12-30,daily,0.002,7223.04894236,120.0,0.0,7223.04894236,98.19273498,2019-12-30T00:00:00+00:00,BTC-MOVE-20191230,False,1.0,False,0.25,0.0001,move,BTC,Bitcoin,824.75
97,,,Bitcoin MOVE 2019-12-31 Contracts,False,True,2020-01-01T00:00:00+00:00,2019-12-31,daily,0.002,7168.18421811,40.25,0.0,7168.18421811,36.75167538,2019-12-31T00:00:00+00:00,BTC-MOVE-1231,False,1.0,False,0.25,0.0001,move,BTC,Bitcoin,756.5
98,,,Bitcoin MOVE 2020-01-01 Contracts,False,True,2020-01-02T00:00:00+00:00,2020-01-01,daily,0.002,7177.08691147,18.0,0.0,7177.08691147,10.45394536,2020-01-01T00:00:00+00:00,BTC-MOVE-0101,False,1.0,False,0.25,0.0001,move,BTC,Bitcoin,733.0
99,,,Bitcoin MOVE 2020-01-02 Contracts,False,True,2020-01-03T00:00:00+00:00,2020-01-02,daily,0.002,6947.12631148,230.5,0.0,6947.12631148,227.11912831,2020-01-02T00:00:00+00:00,BTC-MOVE-0102,False,2.0,False,0.25,0.0001,move,BTC,Bitcoin,925.0
100,,,Bitcoin MOVE 2020-01-03 Contracts,False,True,2020-01-04T00:00:00+00:00,2020-01-03,daily,0.002,7329.91117421,395.0,0.0,7329.91117421,377.58164864,2020-01-03T00:00:00+00:00,BTC-MOVE-0103,False,2.0,False,0.25,0.0001,move,BTC,Bitcoin,1112.5
101,,,Bitcoin MOVE 2020-01-04 Contracts,False,True,2020-01-05T00:00:00+00:00,2020-01-04,daily,0.002,7347.73871393,32.75,0.0,7347.73871393,32.57470416,2020-01-04T00:00:00+00:00,BTC-MOVE-0104,False,2.0,False,0.25,0.0001,move,BTC,Bitcoin,768.0
102,,,Bitcoin MOVE 2020-01-05 Contracts,False,True,2020-01-06T00:00:00+00:00,2020-01-05,daily,0.002,7351.92048886,24.0,0.0,7351.92048886,22.57465633,2020-01-05T00:00:00+00:00,BTC-MOVE-0105,False,2.0,False,0.25,0.0001,move,BTC,Bitcoin,760.25
103,,,Bitcoin MOVE 2020-01-06 Contracts,False,True,2020-01-07T00:00:00+00:00,2020-01-06,daily,0.002,7758.39757851,399.0,0.0,7758.39757851,398.8488941,2020-01-06T00:00:00+00:00,BTC-MOVE-0106,False,2.0,False,0.25,0.0001,move,BTC,Bitcoin,1177.5
104,,,Bitcoin MOVE 2020-01-07 Contracts,False,True,2020-01-08T00:00:00+00:00,2020-01-07,daily,0.002,8162.13960225,237.0,0.0,8162.13960225,212.40850207,2020-01-07T00:00:00+00:00,BTC-MOVE-0107,False,2.0,False,0.25,0.0001,move,BTC,Bitcoin,1064.25
105,,,Bitcoin MOVE 2020-01-08 Contracts,False,True,2020-01-09T00:00:00+00:00,2020-01-08,daily,0.002,8040.30205107,275.0,0.0,8040.30205107,256.08600707,2020-01-08T00:00:00+00:00,BTC-MOVE-0108,False,2.0,False,0.25,0.0001,move,BTC,Bitcoin,1066.75
106,,,Bitcoin MOVE 2020-01-09 Contracts,False,True,2020-01-10T00:00:00+00:00,2020-01-09,daily,0.002,7814.30083218,161.5,0.0,7814.30083218,158.45078491,2020-01-09T00:00:00+00:00,BTC-MOVE-0109,False,2.0,False,0.25,0.0001,move,BTC,Bitcoin,940.25
107,,,Bitcoin MOVE 2020-01-10 Contracts,False,True,2020-01-11T00:00:00+00:00,2020-01-10,daily,0.002,8188.46236425,273.0,0.0,8188.46236425,270.24727272,2020-01-10T00:00:00+00:00,BTC-MOVE-0110,False,2.0,False,0.25,0.0001,move,BTC,Bitcoin,1080.25
108,,,Bitcoin MOVE 2020-01-11 Contracts,False,True,2020-01-12T00:00:00+00:00,2020-01-11,daily,0.002,8025.51428908,120.0,0.0,8025.51428908,114.6962775,2020-01-11T00:00:00+00:00,BTC-MOVE-0111,False,2.0,False,0.25,0.0001,move,BTC,Bitcoin,922.0
109,,,Bitcoin MOVE 2020-01-12 Contracts,False,True,2020-01-13T00:00:00+00:00,2020-01-12,daily,0.002,8178.46927802,145.75,0.0,8178.46927802,134.00742391,2020-01-12T00:00:00+00:00,BTC-MOVE-0112,False,2.0,False,0.25,0.0001,move,BTC,Bitcoin,963.0
110,,,Bitcoin MOVE 2020-01-13 Contracts,False,True,2020-01-14T00:00:00+00:00,2020-01-13,daily,0.002,8103.90283704,40.25,0.0,8103.90283704,38.51995918,2020-01-13T00:00:00+00:00,BTC-MOVE-0113,False,2.0,False,0.25,0.0001,move,BTC,Bitcoin,850.5
111,,,Bitcoin MOVE 2020-01-14 Contracts,False,True,2020-01-15T00:00:00+00:00,2020-01-14,daily,0.002,8828.5764071,655.0,0.0,8828.5764071,632.44391908,2020-01-14T00:00:00+00:00,BTC-MOVE-0114,False,2.0,False,0.25,0.0001,move,BTC,Bitcoin,1537.5
112,,,Bitcoin MOVE 2020-01-15 Contracts,False,True,2020-01-16T00:00:00+00:00,2020-01-15,daily,0.002,8815.57059945,5.5,0.0,8815.57059945,3.49463402,2020-01-15T00:00:00+00:00,BTC-MOVE-0115,False,2.0,False,0.25,0.0001,move,BTC,Bitcoin,886.5
113,,,Bitcoin MOVE 2020-01-16 Contracts,False,True,2020-01-17T00:00:00+00:00,2020-01-16,daily,0.002,8714.48744193,60.25,0.0,8714.48744193,56.7896694,2020-01-16T00:00:00+00:00,BTC-MOVE-0116,False,2.0,False,0.25,0.0001,move,BTC,Bitcoin,930.5
114,,,Bitcoin MOVE 2020-01-17 Contracts,False,True,2020-01-18T00:00:00+00:00,2020-01-17,daily,0.002,8896.33331957,256.75,0.0,8896.33331957,226.8274552,2020-01-17T00:00:00+00:00,BTC-MOVE-0117,False,2.0,False,0.25,0.0001,move,BTC,Bitcoin,1120.0
115,,,Bitcoin MOVE 2020-01-18 Contracts,False,True,2020-01-19T00:00:00+00:00,2020-01-18,daily,0.002,8913.37613404,6.75,0.0,8913.37613404,5.2283355,2020-01-18T00:00:00+00:00,BTC-MOVE-0118,False,2.0,False,0.25,0.0001,move,BTC,Bitcoin,898.25
116,,,Bitcoin MOVE 2020-01-19 Contracts,False,True,2020-01-20T00:00:00+00:00,2020-01-19,daily,0.002,8700.65572919,257.5,0.0,8700.65572919,258.0405304,2020-01-19T00:00:00+00:00,BTC-MOVE-0119,False,2.0,False,0.25,0.0001,move,BTC,Bitcoin,1125.25
117,,,Bitcoin MOVE 2020-01-20 Contracts,False,True,2020-01-21T00:00:00+00:00,2020-01-20,daily,0.002,8630.40263714,47.0,0.0,8630.40263714,52.6394131,2020-01-20T00:00:00+00:00,BTC-MOVE-0120,False,2.0,False,0.25,0.0001,move,BTC,Bitcoin,918.0
118,,,Bitcoin MOVE 2020-01-21 Contracts,False,True,2020-01-22T00:00:00+00:00,2020-01-21,daily,0.002,8722.10729367,104.0,0.0,8722.10729367,103.55630154,2020-01-21T00:00:00+00:00,BTC-MOVE-0121,False,2.0,False,0.25,0.0001,move,BTC,Bitcoin,976.25
119,,,Bitcoin MOVE 2020-01-22 Contracts,False,True,2020-01-23T00:00:00+00:00,2020-01-22,daily,0.002,8655.26228193,92.25,0.0,8655.26228193,84.69796022,2020-01-22T00:00:00+00:00,BTC-MOVE-0122,False,2.0,False,0.25,0.0001,move,BTC,Bitcoin,958.0
120,,,Bitcoin MOVE 2020-01-23 Contracts,False,True,2020-01-24T00:00:00+00:00,2020-01-23,daily,0.002,8391.53440501,282.25,0.0,8391.53440501,272.16237783,2020-01-23T00:00:00+00:00,BTC-MOVE-0123,False,2.0,False,0.25,0.0001,move,BTC,Bitcoin,1113.75
121,,,Bitcoin MOVE 2020-01-24 Contracts,False,True,2020-01-25T00:00:00+00:00,2020-01-24,daily,0.002,8431.90431237,43.5,0.0,8431.90431237,40.7098611,2020-01-24T00:00:00+00:00,BTC-MOVE-0124,False,2.0,False,0.25,0.0001,move,BTC,Bitcoin,886.75
122,,,Bitcoin MOVE 2020-01-25 Contracts,False,True,2020-01-26T00:00:00+00:00,2020-01-25,daily,0.002,8328.38138224,24.0,0.0,8328.38138224,27.73965714,2020-01-25T00:00:00+00:00,BTC-MOVE-0125,False,2.0,False,0.25,0.0001,move,BTC,Bitcoin,860.75
123,,,Bitcoin MOVE 2020-01-26 Contracts,False,True,2020-01-27T00:00:00+00:00,2020-01-26,daily,0.002,8592.62812445,260.0,0.0,8592.62812445,260.92144194,2020-01-26T00:00:00+00:00,BTC-MOVE-0126,False,2.0,False,0.25,0.0001,move,BTC,Bitcoin,1123.0
124,,,Bitcoin MOVE 2020-01-27 Contracts,False,True,2020-01-28T00:00:00+00:00,2020-01-27,daily,0.002,8899.02891469,257.0,0.0,8899.02891469,268.57863288,2020-01-27T00:00:00+00:00,BTC-MOVE-0127,False,2.0,False,0.25,0.0001,move,BTC,Bitcoin,1159.75
125,,,Bitcoin MOVE 2020-01-28 Contracts,False,True,2020-01-29T00:00:00+00:00,2020-01-28,daily,0.002,9382.91604785,266.0,0.0,9382.91604785,249.57735429,2020-01-28T00:00:00+00:00,BTC-MOVE-0128,False,2.0,False,0.25,0.0001,move,BTC,Bitcoin,1192.75
126,,,Bitcoin MOVE 2020-01-29 Contracts,False,True,2020-01-30T00:00:00+00:00,2020-01-29,daily,0.002,9283.53650113,48.0,0.0,9283.53650113,43.53711999,2020-01-29T00:00:00+00:00,BTC-MOVE-0129,False,2.0,False,0.25,0.0001,move,BTC,Bitcoin,975.5
127,,,Bitcoin MOVE 2020-01-30 Contracts,False,True,2020-01-31T00:00:00+00:00,2020-01-30,daily,0.002,9499.7499169,289.75,0.0,9499.7499169,280.10411866,2020-01-30T00:00:00+00:00,BTC-MOVE-0130,False,2.0,False,0.25,0.0001,move,BTC,Bitcoin,1237.75
128,,,Bitcoin MOVE 2020-01-31 Contracts,False,True,2020-02-01T00:00:00+00:00,2020-01-31,daily,0.002,9338.61294743,130.0,0.0,9338.61294743,120.92017569,2020-01-31T00:00:00+00:00,BTC-MOVE-0131,False,2.0,False,0.25,0.0001,move,BTC,Bitcoin,1063.5
129,,,Bitcoin MOVE 2020-02-01 Contracts,False,True,2020-02-02T00:00:00+00:00,2020-02-01,daily,0.002,9377.38357359,21.0,0.0,9377.38357359,20.02977076,2020-02-01T00:00:00+00:00,BTC-MOVE-0201,False,2.0,False,0.25,0.0001,move,BTC,Bitcoin,959.75
130,,,Bitcoin MOVE 2020-02-02 Contracts,False,True,2020-02-03T00:00:00+00:00,2020-02-02,daily,0.002,9324.74869185,17.75,0.0,9324.74869185,12.84605883,2020-02-02T00:00:00+00:00,BTC-MOVE-0202,False,2.0,False,0.25,0.0001,move,BTC,Bitcoin,947.25
131,,,Bitcoin MOVE 2020-02-03 Contracts,False,True,2020-02-04T00:00:00+00:00,2020-02-03,daily,0.002,9284.24371105,85.0,0.0,9284.24371105,80.46771934,2020-02-03T00:00:00+00:00,BTC-MOVE-0203,False,2.0,False,0.25,0.0001,move,BTC,Bitcoin,1011.75
132,,,Bitcoin MOVE 2020-02-04 Contracts,False,True,2020-02-05T00:00:00+00:00,2020-02-04,daily,0.002,9163.49365494,152.5,0.0,9163.49365494,152.59890602,2020-02-04T00:00:00+00:00,BTC-MOVE-0204,False,2.0,False,0.25,0.0001,move,BTC,Bitcoin,1071.0
133,,,Bitcoin MOVE 2020-02-05 Contracts,False,True,2020-02-06T00:00:00+00:00,2020-02-05,daily,0.002,9612.19378616,459.75,0.0,9612.19378616,461.14732286,2020-02-05T00:00:00+00:00,BTC-MOVE-0205,False,2.0,False,0.25,0.0001,move,BTC,Bitcoin,1421.0
134,,,Bitcoin MOVE 2020-02-06 Contracts,False,True,2020-02-07T00:00:00+00:00,2020-02-06,daily,0.002,9751.42009941,155.5,0.0,9751.42009941,153.80354405,2020-02-06T00:00:00+00:00,BTC-MOVE-0206,False,2.0,False,0.25,0.0001,move,BTC,Bitcoin,1132.0
135,,,Bitcoin MOVE 2020-02-07 Contracts,False,True,2020-02-08T00:00:00+00:00,2020-02-07,daily,0.002,9808.63281195,20.5,0.0,9808.63281195,18.1753965,2020-02-07T00:00:00+00:00,BTC-MOVE-0207,False,2.0,False,0.25,0.0001,move,BTC,Bitcoin,1001.0
136,,,Bitcoin MOVE 2020-02-08 Contracts,False,True,2020-02-09T00:00:00+00:00,2020-02-08,daily,0.002,9906.20978806,122.0,0.0,9906.20978806,120.82306369,2020-02-08T00:00:00+00:00,BTC-MOVE-0208,False,2.0,False,0.25,0.0001,move,BTC,Bitcoin,1116.75
137,,,Bitcoin MOVE 2020-02-09 Contracts,False,True,2020-02-10T00:00:00+00:00,2020-02-09,daily,0.002,10163.17864598,216.25,0.0,10163.17864598,212.51115174,2020-02-09T00:00:00+00:00,BTC-MOVE-0209,False,2.0,False,0.25,0.0001,move,BTC,Bitcoin,1232.0
138,,,Bitcoin MOVE 2020-02-10 Contracts,False,True,2020-02-11T00:00:00+00:00,2020-02-10,daily,0.002,9851.31939551,311.5,0.0,9851.31939551,309.24458847,2020-02-10T00:00:00+00:00,BTC-MOVE-0210,False,2.0,False,0.25,0.0001,move,BTC,Bitcoin,1296.0
139,,,Bitcoin MOVE 2020-02-11 Contracts,False,True,2020-02-12T00:00:00+00:00,2020-02-11,daily,0.002,10268.37731599,476.5,0.0,10268.37731599,442.44025464,2020-02-11T00:00:00+00:00,BTC-MOVE-0211,False,2.0,False,0.25,0.0001,move,BTC,Bitcoin,1499.25
140,,,Bitcoin MOVE 2020-02-12 Contracts,False,True,2020-02-13T00:00:00+00:00,2020-02-12,daily,0.002,10353.36210637,70.0,0.0,10353.36210637,57.35922673,2020-02-12T00:00:00+00:00,BTC-MOVE-0212,False,2.0,False,0.25,0.0001,move,BTC,Bitcoin,1101.0
141,,,Bitcoin MOVE 2020-02-13 Contracts,False,True,2020-02-14T00:00:00+00:00,2020-02-13,daily,0.002,10234.39208115,143.0,0.0,10234.39208115,143.25,2020-02-13T00:00:00+00:00,BTC-MOVE-0213,False,2.0,False,0.25,0.0001,move,BTC,Bitcoin,1166.5
142,,,Bitcoin MOVE 2020-02-14 Contracts,False,True,2020-02-15T00:00:00+00:00,2020-02-14,daily,0.002,10367.830252248,157.75,0.0,10367.830252248,152.830145651639,2020-02-14T00:00:00+00:00,BTC-MOVE-0214,False,2.0,False,0.25,0.0001,move,BTC,Bitcoin,1191.5
143,,,Bitcoin MOVE 2020-02-15 Contracts,False,True,2020-02-16T00:00:00+00:00,2020-02-15,daily,0.002,9908.933524484,449.75,0.0,9908.933524484,454.1981763836233,2020-02-15T00:00:00+00:00,BTC-MOVE-0215,False,2.0,False,0.25,0.0001,move,BTC,Bitcoin,1441.5
144,,,Bitcoin MOVE 2020-02-16 Contracts,False,True,2020-02-17T00:00:00+00:00,2020-02-16,daily,0.002,9933.337502358,28.5,0.0,9933.337502358,32.68389258836111,2020-02-16T00:00:00+00:00,BTC-MOVE-0216,False,2.0,False,0.25,0.0001,move,BTC,Bitcoin,1033.25
145,,,Bitcoin MOVE 2020-02-17 Contracts,False,True,2020-02-18T00:00:00+00:00,2020-02-17,daily,0.002,9698.22767391,239.75,0.0,9698.22767391,238.5343333539611,2020-02-17T00:00:00+00:00,BTC-MOVE-0217,False,2.0,False,0.25,0.0001,move,BTC,Bitcoin,1211.0
146,,,Bitcoin MOVE 2020-02-18 Contracts,False,True,2020-02-19T00:00:00+00:00,2020-02-18,daily,0.002,10181.00240225765,532.0,0.0,10181.00240225765,526.8365340700112,2020-02-18T00:00:00+00:00,BTC-MOVE-0218,False,2.0,False,0.25,0.0001,move,BTC,Bitcoin,1547.0
147,,,Bitcoin MOVE 2020-02-19 Contracts,False,True,2020-02-20T00:00:00+00:00,2020-02-19,daily,0.002,9603.376775503,486.0,0.0,9603.376775503,500.4905504512233,2020-02-19T00:00:00+00:00,BTC-MOVE-0219,False,2.0,False,0.25,0.0001,move,BTC,Bitcoin,1459.25
148,,,Bitcoin MOVE 2020-02-20 Contracts,False,True,2020-02-21T00:00:00+00:00,2020-02-20,daily,0.002,9612.248159766,13.25,0.0,9612.248159766,9.295471195953896,2020-02-20T00:00:00+00:00,BTC-MOVE-0220,False,2.0,False,0.25,0.0001,move,BTC,Bitcoin,972.75
149,,,Bitcoin MOVE 2020-02-21 Contracts,False,True,2020-02-22T00:00:00+00:00,2020-02-21,daily,0.002,9696.514296971,107.0,0.0,9696.514296971,93.67286785068333,2020-02-21T00:00:00+00:00,BTC-MOVE-0221,False,2.0,False,0.25,0.0001,move,BTC,Bitcoin,1070.0
150,,,Bitcoin MOVE 2020-02-22 Contracts,False,True,2020-02-23T00:00:00+00:00,2020-02-22,daily,0.002,9668.326400316,29.5,0.0,9668.326400316,26.275982264305554,2020-02-22T00:00:00+00:00,BTC-MOVE-0222,False,2.0,False,0.25,0.0001,move,BTC,Bitcoin,996.0
151,,,Bitcoin MOVE 2020-02-23 Contracts,False,True,2020-02-24T00:00:00+00:00,2020-02-23,daily,0.002,9973.860075236,281.5,0.0,9973.860075236,287.2309463412778,2020-02-23T00:00:00+00:00,BTC-MOVE-0223,False,2.0,False,0.25,0.0001,move,BTC,Bitcoin,1286.5
152,,,Bitcoin MOVE 2020-02-24 Contracts,False,True,2020-02-25T00:00:00+00:00,2020-02-24,daily,0.002,9657.496824785,351.25,0.0,9657.496824785,349.9361560384778,2020-02-24T00:00:00+00:00,BTC-MOVE-0224,False,2.0,False,0.25,0.0001,move,BTC,Bitcoin,1316.75
153,,,Bitcoin MOVE 2020-02-25 Contracts,False,True,2020-02-26T00:00:00+00:00,2020-02-25,daily,0.002,9308.551459914,274.25,0.0,9308.551459914,265.1751773119167,2020-02-25T00:00:00+00:00,BTC-MOVE-0225,False,2.0,False,0.25,0.0001,move,BTC,Bitcoin,1197.5
154,,,Bitcoin MOVE 2020-02-26 Contracts,False,True,2020-02-27T00:00:00+00:00,2020-02-26,daily,0.002,8785.587368119,543.0,0.0,8785.587368119,532.8950809033,2020-02-26T00:00:00+00:00,BTC-MOVE-0226,False,2.0,False,0.25,0.0001,move,BTC,Bitcoin,1415.75
155,,,Bitcoin MOVE 2020-02-27 Contracts,False,True,2020-02-28T00:00:00+00:00,2020-02-27,daily,0.002,8811.468529599,97.25,0.0,8811.468529599,92.55053187366667,2020-02-27T00:00:00+00:00,BTC-MOVE-0227,False,2.0,False,0.25,0.0001,move,BTC,Bitcoin,981.5
156,,,Bitcoin MOVE 2020-02-28 Contracts,False,True,2020-02-29T00:00:00+00:00,2020-02-28,daily,0.002,8705.518158476,87.25,0.0,8705.518158476,79.4639346058889,2020-02-28T00:00:00+00:00,BTC-MOVE-0228,False,2.0,False,0.25,0.0001,move,BTC,Bitcoin,958.75
157,,,Bitcoin MOVE 2020-02-29 Contracts,False,True,2020-03-01T00:00:00+00:00,2020-02-29,daily,0.002,8527.401887374,146.75,0.0,8527.401887374,143.38955146457224,2020-02-29T00:00:00+00:00,BTC-MOVE-0229,False,2.0,False,0.25,0.0001,move,BTC,Bitcoin,1000.75
158,,,Bitcoin MOVE 2020-03-01 Contracts,False,True,2020-03-02T00:00:00+00:00,2020-03-01,daily,0.002,8528.952178276,31.0,0.0,8528.952178276,29.25494609716111,2020-03-01T00:00:00+00:00,BTC-MOVE-0301,False,2.0,False,0.25,0.0001,move,BTC,Bitcoin,884.5
159,,,Bitcoin MOVE 2020-03-02 Contracts,False,True,2020-03-03T00:00:00+00:00,2020-03-02,daily,0.002,8914.111655419,391.75,0.0,8914.111655419,376.63228177061274,2020-03-02T00:00:00+00:00,BTC-MOVE-0302,False,2.0,False,0.25,0.0001,move,BTC,Bitcoin,1282.25
160,,,Bitcoin MOVE 2020-03-03 Contracts,False,True,2020-03-04T00:00:00+00:00,2020-03-03,daily,0.002,8756.182530465,81.25,0.0,8756.182530465,92.29373697284444,2020-03-03T00:00:00+00:00,BTC-MOVE-0303,False,2.0,False,0.25,0.0001,move,BTC,Bitcoin,965.0
161,,,Bitcoin MOVE 2020-03-04 Contracts,False,True,2020-03-05T00:00:00+00:00,2020-03-04,daily,0.002,8757.751221283,4.0,0.0,8757.751221283,2.1899403176833334,2020-03-04T00:00:00+00:00,BTC-MOVE-0304,False,2.0,False,0.25,0.0001,move,BTC,Bitcoin,879.25
162,,,Bitcoin MOVE 2020-03-05 Contracts,False,True,2020-03-06T00:00:00+00:00,2020-03-05,daily,0.002,9071.263508662,257.25,0.0,9071.263508662,246.7462337351722,2020-03-05T00:00:00+00:00,BTC-MOVE-0305,False,2.0,False,0.25,0.0001,move,BTC,Bitcoin,1159.25
163,,,Bitcoin MOVE 2020-03-06 Contracts,False,True,2020-03-07T00:00:00+00:00,2020-03-06,daily,0.002,9155.551503126,84.25,0.0,9155.551503126,84.51922922107778,2020-03-06T00:00:00+00:00,BTC-MOVE-0306,False,2.0,False,0.25,0.0001,move,BTC,Bitcoin,1002.75
164,,,Bitcoin MOVE 2020-03-07 Contracts,False,True,2020-03-08T00:00:00+00:00,2020-03-07,daily,0.002,8898.004026448,239.75,0.0,8898.004026448,238.07399256157777,2020-03-07T00:00:00+00:00,BTC-MOVE-0307,False,2.0,False,0.25,0.0001,move,BTC,Bitcoin,1132.0
165,,,Bitcoin MOVE 2020-03-08 Contracts,False,True,2020-03-09T00:00:00+00:00,2020-03-08,daily,0.002,8035.136907169,655.0,0.0,8035.136907169,656.1984692895611,2020-03-08T00:00:00+00:00,BTC-MOVE-0308,False,2.0,False,0.25,0.0001,move,BTC,Bitcoin,1458.5
166,,,Bitcoin MOVE 2020-03-09 Contracts,False,True,2020-03-10T00:00:00+00:00,2020-03-09,daily,0.002,7930.574389411,200.75,0.0,7930.574389411,199.21857370050554,2020-03-09T00:00:00+00:00,BTC-MOVE-0309,False,2.0,False,0.25,0.0001,move,BTC,Bitcoin,992.75
167,,,Bitcoin MOVE 2020-03-10 Contracts,False,True,2020-03-11T00:00:00+00:00,2020-03-10,daily,0.002,7887.876524738,15.0,0.0,7887.876524738,11.892247607811111,2020-03-10T00:00:00+00:00,BTC-MOVE-0310,False,2.0,False,0.25,0.0001,move,BTC,Bitcoin,807.25
168,,,Bitcoin MOVE 2020-03-11 Contracts,False,True,2020-03-12T00:00:00+00:00,2020-03-11,daily,0.002,7940.320108208,18.5,0.0,7940.320108208,18.57231724133789,2020-03-11T00:00:00+00:00,BTC-MOVE-0311,False,2.0,False,0.25,0.0001,move,BTC,Bitcoin,813.25
169,,,Bitcoin MOVE 2020-03-12 Contracts,False,True,2020-03-13T00:00:00+00:00,2020-03-12,daily,0.002,4865.128633365064,2817.75,2331.75,4865.128633365064,2782.6055572645196,2020-03-12T00:00:00+00:00,BTC-MOVE-0312,False,2.0,False,0.25,0.0001,move,BTC,Bitcoin,3304.5
170,,,Bitcoin MOVE 2020-03-13 Contracts,False,True,2020-03-14T00:00:00+00:00,2020-03-13,daily,0.002,5634.422729386,879.75,322.5,5634.422729386,892.3126304870665,2020-03-13T00:00:00+00:00,BTC-MOVE-0313,False,2.0,False,0.25,0.0001,move,BTC,Bitcoin,1449.25
171,,,Bitcoin MOVE 2020-03-14 Contracts,False,True,2020-03-15T00:00:00+00:00,2020-03-14,daily,0.002,5166.521845880051,388.25,0.0,5166.521845880051,393.7479436508278,2020-03-14T00:00:00+00:00,BTC-MOVE-0314,False,2.0,False,0.25,0.0001,move,BTC,Bitcoin,905.75
172,,,Bitcoin MOVE 2020-03-15 Contracts,False,True,2020-03-16T00:00:00+00:00,2020-03-15,daily,0.002,5347.060922183,190.25,0.0,5347.060922183,182.31497793817223,2020-03-15T00:00:00+00:00,BTC-MOVE-0315,False,2.0,False,0.25,0.0001,move,BTC,Bitcoin,718.0
173,,,Bitcoin MOVE 2020-03-16 Contracts,False,True,2020-03-17T00:00:00+00:00,2020-03-16,daily,0.002,5033.098937711,262.5,0.0,5033.098937711,260.23262581000625,2020-03-16T00:00:00+00:00,BTC-MOVE-0316,False,2.0,False,0.25,0.0001,move,BTC,Bitcoin,762.5
174,,,Bitcoin MOVE 2020-03-17 Contracts,False,True,2020-03-18T00:00:00+00:00,2020-03-17,daily,0.002,5342.066247324,414.5,0.0,5342.066247324,420.9306897663,2020-03-17T00:00:00+00:00,BTC-MOVE-0317,False,2.0,False,0.25,0.0001,move,BTC,Bitcoin,954.0
175,,,Bitcoin MOVE 2020-03-18 Contracts,False,True,2020-03-19T00:00:00+00:00,2020-03-18,daily,0.002,5408.860632551,10.25,0.0,5408.860632551,5.405548515411111,2020-03-18T00:00:00+00:00,BTC-MOVE-0318,False,2.0,False,0.25,0.0001,move,BTC,Bitcoin,550.25
176,,,Bitcoin MOVE 2020-03-19 Contracts,False,True,2020-03-20T00:00:00+00:00,2020-03-19,daily,0.002,6185.782220081787,806.0,190.25,6185.782220081787,811.0826124306667,2020-03-19T00:00:00+00:00,BTC-MOVE-0319,False,2.0,False,0.25,0.0001,move,BTC,Bitcoin,1427.0
177,,,Bitcoin MOVE 2020-03-20 Contracts,False,True,2020-03-21T00:00:00+00:00,2020-03-20,daily,0.002,6204.231221057,70.0,0.0,6204.231221057,67.28367360051111,2020-03-20T00:00:00+00:00,BTC-MOVE-0320,False,2.0,False,0.25,0.0001,move,BTC,Bitcoin,686.75
178,,,Bitcoin MOVE 2020-03-21 Contracts,False,True,2020-03-22T00:00:00+00:00,2020-03-21,daily,0.002,6190.551296798,58.75,0.0,6190.551296798,51.17196222227374,2020-03-21T00:00:00+00:00,BTC-MOVE-0321,False,2.0,False,0.25,0.0001,move,BTC,Bitcoin,669.25
179,,,Bitcoin MOVE 2020-03-22 Contracts,False,True,2020-03-23T00:00:00+00:00,2020-03-22,daily,0.002,5821.368766931,316.0,0.0,5821.368766931,311.8869942551601,2020-03-22T00:00:00+00:00,BTC-MOVE-0322,False,2.0,False,0.25,0.0001,move,BTC,Bitcoin,897.5
180,,,Bitcoin MOVE 2020-03-23 Contracts,False,True,2020-03-24T00:00:00+00:00,2020-03-23,daily,0.002,6497.732681067,598.5,0.0,6497.732681067,585.079635955275,2020-03-23T00:00:00+00:00,BTC-MOVE-0323,False,2.0,False,0.25,0.0001,move,BTC,Bitcoin,1241.0
181,,,Bitcoin MOVE 2020-03-24 Contracts,False,True,2020-03-25T00:00:00+00:00,2020-03-24,daily,0.002,6767.403613059,176.75,0.0,6767.403613059,176.83821948333335,2020-03-24T00:00:00+00:00,BTC-MOVE-0324,False,2.0,False,0.25,0.0001,move,BTC,Bitcoin,853.0
182,,,Bitcoin MOVE 2020-03-25 Contracts,False,True,2020-03-26T00:00:00+00:00,2020-03-25,daily,0.002,6694.298690883,1.0,0.0,6694.298690883,1.6611977504055555,2020-03-25T00:00:00+00:00,BTC-MOVE-0325,False,2.0,False,0.25,0.0001,move,BTC,Bitcoin,674.5
183,,,Bitcoin MOVE 2020-03-26 Contracts,False,True,2020-03-27T00:00:00+00:00,2020-03-26,daily,0.002,6759.924467638,5.0,0.0,6759.924467638,3.0811478700222223,2020-03-26T00:00:00+00:00,BTC-MOVE-0326,False,2.0,False,0.25,0.0001,move,BTC,Bitcoin,680.75
184,,,Bitcoin MOVE 2020-03-27 Contracts,False,True,2020-03-28T00:00:00+00:00,2020-03-27,daily,0.002,6370.9818052890905,241.5,0.0,6370.9818052890905,193.65934109347745,2020-03-27T00:00:00+00:00,BTC-MOVE-0327,False,2.0,False,0.5,0.0001,move,BTC,Bitcoin,943.5
185,,,Bitcoin MOVE 2020-03-28 Contracts,False,True,2020-03-29T00:00:00+00:00,2020-03-28,daily,0.002,6251.609449669091,49.5,0.0,6251.609449669091,49.462318432705295,2020-03-28T00:00:00+00:00,BTC-MOVE-0328,False,2.0,False,0.5,0.0001,move,BTC,Bitcoin,675.5
186,,,Bitcoin MOVE 2020-03-29 Contracts,False,True,2020-03-30T00:00:00+00:00,2020-03-29,daily,0.002,5877.566083872727,320.5,0.0,5877.566083872727,320.66653952698334,2020-03-29T00:00:00+00:00,BTC-MOVE-0329,False,2.0,False,0.5,0.0001,move,BTC,Bitcoin,907.0
187,,,Bitcoin MOVE 2020-03-30 Contracts,False,True,2020-03-31T00:00:00+00:00,2020-03-30,daily,0.002,6402.746080352727,549.5,0.0,6402.746080352727,556.1660933720777,2020-03-30T00:00:00+00:00,BTC-MOVE-0330,False,2.0,False,0.5,0.0001,move,BTC,Bitcoin,1194.0
188,,,Bitcoin MOVE 2020-03-31 Contracts,False,True,2020-04-01T00:00:00+00:00,2020-03-31,daily,0.002,6425.7636061172725,18.5,0.0,6425.7636061172725,18.347060194283333,2020-03-31T00:00:00+00:00,BTC-MOVE-0331,False,2.0,False,0.5,0.0001,move,BTC,Bitcoin,662.5
189,,,Bitcoin MOVE 2020-04-01 Contracts,False,True,2020-04-02T00:00:00+00:00,2020-04-01,daily,0.002,6657.560134606364,265.0,0.0,6657.560134606364,266.5552782080944,2020-04-01T00:00:00+00:00,BTC-MOVE-0401,False,2.0,False,0.5,0.0001,move,BTC,Bitcoin,934.0
190,,,Bitcoin MOVE 2020-04-02 Contracts,False,True,2020-04-03T00:00:00+00:00,2020-04-02,daily,0.002,6801.841446435455,125.5,0.0,6801.841446435455,130.39460148661666,2020-04-02T00:00:00+00:00,BTC-MOVE-0402,False,2.0,False,0.5,0.0001,move,BTC,Bitcoin,811.5
191,,,Bitcoin MOVE 2020-04-03 Contracts,False,True,2020-04-04T00:00:00+00:00,2020-04-03,daily,0.002,6744.818646310909,23.0,0.0,6744.818646310909,15.705846893377778,2020-04-03T00:00:00+00:00,BTC-MOVE-0403,False,2.0,False,0.5,0.0001,move,BTC,Bitcoin,697.0
192,,,Bitcoin MOVE 2020-04-04 Contracts,False,True,2020-04-05T00:00:00+00:00,2020-04-04,daily,0.002,6875.615718291818,117.0,0.0,6875.615718291818,111.90425353553888,2020-04-04T00:00:00+00:00,BTC-MOVE-0404,False,2.0,False,0.5,0.0001,move,BTC,Bitcoin,803.5
193,,,Bitcoin MOVE 2020-04-05 Contracts,False,True,2020-04-06T00:00:00+00:00,2020-04-05,daily,0.002,6777.424204321818,92.5,0.0,6777.424204321818,89.87178690664445,2020-04-05T00:00:00+00:00,BTC-MOVE-0405,False,2.0,False,0.5,0.0001,move,BTC,Bitcoin,771.5
194,,,Bitcoin MOVE 2020-04-06 Contracts,False,True,2020-04-07T00:00:00+00:00,2020-04-06,daily,0.002,7344.968319540909,454.5,0.0,7344.968319540909,459.2135440700722,2020-04-06T00:00:00+00:00,BTC-MOVE-0406,False,2.0,False,0.5,0.0001,move,BTC,Bitcoin,1201.5
195,,,Bitcoin MOVE 2020-04-07 Contracts,False,True,2020-04-08T00:00:00+00:00,2020-04-07,daily,0.002,7198.822896216364,219.5,0.0,7198.822896216364,215.30963502707223,2020-04-07T00:00:00+00:00,BTC-MOVE-0407,False,2.0,False,0.5,0.0001,move,BTC,Bitcoin,940.5
196,,,Bitcoin MOVE 2020-04-08 Contracts,False,True,2020-04-09T00:00:00+00:00,2020-04-08,daily,0.002,7368.415498371818,192.5,0.0,7368.415498371818,184.78861932200556,2020-04-08T00:00:00+00:00,BTC-MOVE-0408,False,2.0,False,0.5,0.0001,move,BTC,Bitcoin,923.5
197,,,Bitcoin MOVE 2020-04-09 Contracts,False,True,2020-04-10T00:00:00+00:00,2020-04-09,daily,0.002,7294.631124367273,61.5,0.0,7294.631124367273,57.167468957488886,2020-04-09T00:00:00+00:00,BTC-MOVE-0409,False,2.0,False,0.5,0.0001,move,BTC,Bitcoin,790.0
198,,,Bitcoin MOVE 2020-04-10 Contracts,False,True,2020-04-11T00:00:00+00:00,2020-04-10,daily,0.002,6871.836257129091,438.0,0.0,6871.836257129091,427.0562497141833,2020-04-10T00:00:00+00:00,BTC-MOVE-0410,False,2.0,False,0.5,0.0001,move,BTC,Bitcoin,1116.0
199,,,Bitcoin MOVE 2020-04-11 Contracts,False,True,2020-04-12T00:00:00+00:00,2020-04-11,daily,0.002,6886.228154634546,6.5,0.0,6886.228154634546,4.399028599633334,2020-04-11T00:00:00+00:00,BTC-MOVE-0411,False,2.0,False,0.5,0.0001,move,BTC,Bitcoin,695.5
200,,,Bitcoin MOVE 2020-04-12 Contracts,False,True,2020-04-13T00:00:00+00:00,2020-04-12,daily,0.002,6909.992537865454,122.5,0.0,6909.992537865454,118.22688702257778,2020-04-12T00:00:00+00:00,BTC-MOVE-0412,False,2.0,False,0.5,0.0001,move,BTC,Bitcoin,811.5
201,,,Bitcoin MOVE 2020-04-13 Contracts,False,True,2020-04-14T00:00:00+00:00,2020-04-13,daily,0.002,6857.982876483637,92.0,0.0,6857.982876483637,99.28751730136666,2020-04-13T00:00:00+00:00,BTC-MOVE-0413,False,2.0,False,0.5,0.0001,move,BTC,Bitcoin,784.0
202,,,Bitcoin MOVE 2020-04-14 Contracts,False,True,2020-04-15T00:00:00+00:00,2020-04-14,daily,0.002,6875.682747964545,16.5,0.0,6875.682747964545,16.3343069749,2020-04-14T00:00:00+00:00,BTC-MOVE-0414,False,2.0,False,0.5,0.0001,move,BTC,Bitcoin,706.5
203,,,Bitcoin MOVE 2020-04-15 Contracts,False,True,2020-04-16T00:00:00+00:00,2020-04-15,daily,0.002,6625.664381030909,214.0,0.0,6625.664381030909,210.64001350060556,2020-04-15T00:00:00+00:00,BTC-MOVE-0415,False,2.0,False,0.5,0.0001,move,BTC,Bitcoin,877.5
204,,,Bitcoin MOVE 2020-04-16 Contracts,False,True,2020-04-17T00:00:00+00:00,2020-04-16,daily,0.002,7113.080489553637,592.0,0.0,7113.080489553637,594.8714748774,2020-04-16T00:00:00+00:00,BTC-MOVE-0416,False,2.0,False,0.5,0.0001,move,BTC,Bitcoin,1305.0
205,,,Bitcoin MOVE 2020-04-17 Contracts,False,True,2020-04-18T00:00:00+00:00,2020-04-17,daily,0.002,7037.763577772727,2.0,0.0,7037.763577772727,0.8141640965818912,2020-04-17T00:00:00+00:00,BTC-MOVE-0417,False,2.0,False,0.5,0.0001,move,BTC,Bitcoin,710.5
206,,,Bitcoin MOVE 2020-04-18 Contracts,False,True,2020-04-19T00:00:00+00:00,2020-04-18,daily,0.002,7260.664125434546,208.0,0.0,7260.664125434546,203.26306447925555,2020-04-18T00:00:00+00:00,BTC-MOVE-0418,False,2.0,False,0.5,0.0001,move,BTC,Bitcoin,935.5
207,,,Bitcoin MOVE 2020-04-19 Contracts,False,True,2020-04-20T00:00:00+00:00,2020-04-19,daily,0.002,7132.846313073636,68.0,0.0,7132.846313073636,62.89600016547778,2020-04-19T00:00:00+00:00,BTC-MOVE-0419,False,2.0,False,0.5,0.0001,move,BTC,Bitcoin,780.0
208,,,Bitcoin MOVE 2020-04-20 Contracts,False,True,2020-04-21T00:00:00+00:00,2020-04-20,daily,0.002,6843.1547527836365,302.0,0.0,6843.1547527836365,291.29806200685,2020-04-20T00:00:00+00:00,BTC-MOVE-0420,False,2.0,False,0.5,0.0001,move,BTC,Bitcoin,985.0
209,,,Bitcoin MOVE 2020-04-21 Contracts,False,True,2020-04-22T00:00:00+00:00,2020-04-21,daily,0.002,6854.696788899091,6.5,0.0,6854.696788899091,1.3783262744055556,2020-04-21T00:00:00+00:00,BTC-MOVE-0421,False,2.0,False,0.5,0.0001,move,BTC,Bitcoin,693.0
210,,,Bitcoin MOVE 2020-04-22 Contracts,False,True,2020-04-23T00:00:00+00:00,2020-04-22,daily,0.002,7134.992679100909,275.5,0.5,7134.992679100909,275.3117936517778,2020-04-22T00:00:00+00:00,BTC-MOVE-0422,False,2.0,False,0.5,0.0001,move,BTC,Bitcoin,989.5
